{"packages":{"ext":{"creator":"Sencha","output":"${package.dir}/build","type":"framework","version":"5.1.0.107"},"ext-theme-base":{"creator":"Sencha","output":"${package.dir}/build","type":"theme","version":"5.0.0"},"ext-theme-neptune":{"creator":"Sencha","extend":"ext-theme-neutral","output":"${package.dir}/build","type":"theme","version":"5.0.0"},"ext-theme-neutral":{"creator":"Sencha","extend":"ext-theme-base","output":"${package.dir}/build","type":"theme","version":"5.0.0"},"patientchart-desktop":{"creator":"anonymous","extend":"ext-theme-neptune","output":"${package.dir}/build","type":"theme","version":"1.0.0"},"sencha-charts":{"creator":"Sencha","output":{"base":"${package.dir}/build/patientchartDesktop","js":"..","sass":""},"type":"code","version":"1.0.0"},"sencha-core":{"creator":"Sencha","output":"${package.dir}/build","type":"code","version":"5.0.0"}},"js":[{"path":"app.js"}],"css":[{"path":"resources/PatientChart-all.css"}],"compressor":{"type":"yui"},"bootstrap":{"base":"/Library/WebServer/Documents/figleaftraining/extjs5/solutions/walk13-2","manifest":"patientchartDesktop.json"},"output":{"base":"/Library/WebServer/Documents/figleaftraining/extjs5/solutions/build/production/PatientChart/patientchartDesktop","deltas":{"enable":false},"cache":{"enable":false},"microloader":{"enable":true},"page":"./index.html","manifest":"../patientchartDesktop.json"},"cordova":{"config":{"name":"PatientChart","id":"com.domain.PatientChart","verbose":false,"target":"","path":"/Library/WebServer/Documents/figleaftraining/extjs5/solutions/walk13-2/cordova"},"js":[{"path":"cordova.js","remote":true,"priority":1000}],"microloader":"/Library/WebServer/Documents/figleaftraining/extjs5/solutions/walk13-2/.sencha/app/Microloader.js","output":{"base":"/Library/WebServer/Documents/figleaftraining/extjs5/solutions/walk13-2/cordova/www","deltas":{"enable":false},"cache":{"enable":false}}},"phonegap":{"config":{"name":"PatientChart","id":"com.domain.PatientChart","remote":false,"verbose":false,"path":"/Library/WebServer/Documents/figleaftraining/extjs5/solutions/walk13-2/phonegap"},"js":[{"path":"phonegap.js","remote":true,"priority":1000}],"microloader":"/Library/WebServer/Documents/figleaftraining/extjs5/solutions/walk13-2/.sencha/app/Microloader.js","output":{"base":"/Library/WebServer/Documents/figleaftraining/extjs5/solutions/walk13-2/phonegap/www","deltas":{"enable":false},"cache":{"enable":false}}},"name":"PatientChart","framework":"ext","theme":"patientchart-desktop","id":"cbf7776b-782b-44a5-a3ce-3e00cd4e67b6"}